{
    "accuracy": 0.9111111111111111,
    "f1_score": 0.9107142857142857,
    "precision": 0.9155354449472096
}